City,Email
Mairie Aigues-VivesMairie AirouxMairie AjacMairie AlaigneMairie AlairacMairie AlbasMairie AlbièresMairie Alet-les-BainsMairie AlzonneMairie AntugnacMairie AragonMairie ArgeliersMairie Argens-MinervoisMairie ArmissanMairie ArquesMairie Arquettes-en-ValMairie ArtiguesMairie ArzensMairie AunatMairie AuriacMairie AxatMairie AzilleMairie BadensMairie Bages,mairie-aiguesvives@wanadoo.frmairieairoux@wanadoo.frmairie.ajac@wanadoo.frcommune-alaigne@wanadoo.fraccueil@mairie-alairac.fralbas.11@wanadoo.fralbieres.mairie@orange.frmairie.alet@wanadoo.frmairiedalzonne@wanadoo.frmairiedantugnac@wanadoo.frmairie-aragon@wanadoo.frmairie-argeliers2@wanadoo.frmairie.argens.minervois@wanadoo.frmairie.armissan@wanadoo.frcommunedarques@orange.frmairie.arquettesenval@orange.frmairie.artigues2@wanadoo.frmairie-arzens@orange.frmairie.aunat@orange.frauriac.mairie@orange.frmairie.axat@axat.frcontact@mairie-azille.commairie.badens@orange.frinfo@bages.fr
Mairie Aigues-Vives,mairie-aiguesvives@wanadoo.fr
Mairie Airoux,mairieairoux@wanadoo.fr
Mairie Ajac,mairie.ajac@wanadoo.fr
Mairie Alaigne,commune-alaigne@wanadoo.fr
Mairie Alairac,accueil@mairie-alairac.fr
Mairie Albas,albas.11@wanadoo.fr
Mairie Albières,albieres.mairie@orange.fr
Mairie Alet-les-Bains,mairie.alet@wanadoo.fr
Mairie Alzonne,mairiedalzonne@wanadoo.fr
Mairie Antugnac,mairiedantugnac@wanadoo.fr
Mairie Aragon,mairie-aragon@wanadoo.fr
Mairie Argeliers,mairie-argeliers2@wanadoo.fr
Mairie Argens-Minervois,mairie.argens.minervois@wanadoo.fr
Mairie Armissan,mairie.armissan@wanadoo.fr
Mairie Arques,communedarques@orange.fr
Mairie Arquettes-en-Val,mairie.arquettesenval@orange.fr
Mairie Artigues,mairie.artigues2@wanadoo.fr
Mairie Arzens,mairie-arzens@orange.fr
Mairie Aunat,mairie.aunat@orange.fr
Mairie Auriac,auriac.mairie@orange.fr
Mairie Axat,mairie.axat@axat.fr
Mairie Azille,contact@mairie-azille.com
Mairie Badens,mairie.badens@orange.fr
Mairie Bages,info@bages.fr
